<?xml version="1.0" encoding="UTF-8"?>
<beans xmlns='http://www.springframework.org/schema/beans' 
	xmlns:xsi='http://www.w3.org/2001/XMLSchema-instance'
	xsi:schemaLocation='http://www.springframework.org/schema/beans
	http://www.springframework.org/schema/beans/spring-beans.xsd'>
	<bean id='site' class='be.camco.valueobjects.Site'> 
		<property name="urlString" value="http://localhost:8181/server/getxml/xml"/> 
		<property name="locationString" value="C:/Users/evy/equipment.xml"/>
		<!-- <property name="versionUrlString" value=""/> -->
	</bean>
<!-- 	<bean id="hulp" class="be.camco.dom.Hulp"> -->
<!-- 		<property name="portNumber" value="8383"/> -->
<!-- 		<property name="server" value="localhost"/> -->
<!-- 		<property name="filePath" value="C://Users//evy//equipment-temp.xml"/> -->
<!-- 	</bean> -->
</beans>