<?xml version='1.0' encoding='UTF-8'?>
<beans xmlns='http://www.springframework.org/schema/beans'
	xmlns:xsi='http://www.w3.org/2001/XMLSchema-instance'
	xmlns:context='http://www.springframework.org/schema/context'
	xmlns:mvc='http://www.springframework.org/schema/mvc' 
	xsi:schemaLocation='http://www.springframework.org/schema/beans
	http://www.springframework.org/schema/beans/spring-beans.xsd
	http://www.springframework.org/schema/context
	http://www.springframework.org/schema/context/spring-context.xsd
	http://www.springframework.org/schema/mvc 
	http://www.springframework.org/schema/mvc/spring-mvc.xsd'>
	<mvc:annotation-driven/> 
	<context:component-scan base-package="be.camco.web" /> 
	<mvc:resources mapping='/images/**' location='/images/*'/> 
	<mvc:resources mapping='/styles/**' location='/styles/*'/> 
	<mvc:resources mapping='/scripts/**' location='/scripts/*'/>
	<bean class="org.springframework.web.servlet.view.InternalResourceViewResolver">
		<property name="prefix" value="/WEB-INF/JSP/"/>
		<property name="suffix" value=".jsp"/>
	</bean>
	<mvc:view-controller path="/info" view-name="info"/>	
</beans>